{
    "epoch": 3.0,
    "eval_loss": 1.842008113861084,
    "eval_runtime": 41.011,
    "eval_samples": 12,
    "eval_samples_per_second": 0.293,
    "eval_steps_per_second": 0.049,
    "perplexity": 6.309195130749977,
    "train_loss": 2.277867974175347,
    "train_runtime": 7285.5094,
    "train_samples": 114,
    "train_samples_per_second": 0.047,
    "train_steps_per_second": 0.006
}